{
  "name": "ESPNtpClient",
  "frameworks": "arduino",
  "version": "0.2.5",
  "keywords": "time, date, hour, minute, second, day, week, month, year, RTC, NTP, millisecond",
  "platforms": ["espressif32", "espressif8266"],
  "description": "High accuracy NTP client library",
  "url": "https://github.com/gmag11/ESPNtpClient",
  "authors":
    {
      "name": "Germán Martín",
      "email": "gmag11@gmail.com"
    },
  "repository":
    {
      "type": "git",
      "url": "https://github.com/gmag11/ESPNtpClient.git"
    },
  "examples": [{
        "name": "Basic example",
        "base": "examples/basicExample",
        "files": [
            "platformio.ini",
            "basicExample.ino"
        ]
    },{
        "name": "Advanced example",
        "base": "examples/advancedExample",
        "files": [
            "platformio.ini",
            "advancedExample.ino"
        ]
    },
    {
        "name": "LED Flasher",
        "base": "examples/ledFlasher",
        "files": [
            "platformio.ini",
            "ledFlasher.ino"
        ]
    }],
    "export": {
        "exclude": [
            "docs/*",
            "include/*",
            "lib/*",
            "test/*"
        ]
    },
    "license": "GPL-3.0-or-later"
}

